{"loss": 5.502787113189697, "accuracy": 0.6640625, "_timestamp": 1675245330.318631, "_runtime": 931.9607100486755, "_step": 41947, "eval_loss": 30.911376953125, "eval_accuracy": 0.5625, "_wandb": {"runtime": 932}}