{"loss": 92.77313995361328, "accuracy": 0.4921875, "_timestamp": 1675243693.587235, "_runtime": 33.18488907814026, "_step": 863, "_wandb": {"runtime": 33}}