{"loss": 88.46515655517578, "accuracy": 0.421875, "_timestamp": 1675243811.752604, "_runtime": 32.398837089538574, "_step": 863, "_wandb": {"runtime": 32}}