{"loss": 10.571842193603516, "accuracy": 0.65625, "_timestamp": 1675242506.289091, "_runtime": 76.08599305152893, "_step": 2287, "_wandb": {"runtime": 112}}