{"loss": 6.468339443206787, "accuracy": 0.9765625, "_timestamp": 1675246566.337735, "_runtime": 1213.004017829895, "_step": 53999, "eval_loss": 17.37765884399414, "eval_accuracy": 0.9609375, "_wandb": {"runtime": 1212}}