{"loss": 30.42035484313965, "accuracy": 0.6015625, "_timestamp": 1675243308.920319, "_runtime": 282.68020701408386, "_step": 8639, "_wandb": {"runtime": 282}}