{"loss": 2.281167507171631, "accuracy": 0.65625, "_timestamp": 1675242277.386892, "_runtime": 159.15715312957764, "_step": 4665, "_wandb": {"runtime": 162}}